{
  "accuracy": 0.978,
  "precision": 0.9837662337662337,
  "recall": 0.99235807860262,
  "f1": 0.9880434782608696,
  "roc_auc": 0.9756576211270535
}